run_number,total_runs,pop_size,gens,select,crossover,mutate,xo_prob,mut_prob,tourn_size,best_fitness_lst
1,10,20,20,fps,single_point_co,inversion_mutation,0.9,0.3,,"[0.6955833435058594, 0.6955833435058594, 0.6955833435058594, 0.7637666463851929, 0.9365000128746033, 0.9365000128746033, 0.9365000128746033, 0.9365000128746033, 0.9521166682243347, 0.9521166682243347, 0.9521166682243347, 0.9679333567619324, 0.9679333567619324, 0.9679333567619324, 0.9679333567619324, 0.9689333438873291, 0.9689333438873291, 0.9689333438873291, 0.9689333438873291, 0.9689333438873291]"
2,10,20,20,fps,single_point_co,inversion_mutation,0.9,0.3,,"[0.46316665410995483, 0.7372833490371704, 0.7660999894142151, 0.7660999894142151, 0.7660999894142151, 0.7660999894142151, 0.8051833510398865, 0.8051833510398865, 0.8582166433334351, 0.8641999959945679, 0.8641999959945679, 0.8641999959945679, 0.8641999959945679, 0.8641999959945679, 0.8641999959945679, 0.8714166879653931, 0.8714166879653931, 0.9163333177566528, 0.9163333177566528, 0.9163333177566528]"
3,10,20,20,fps,single_point_co,inversion_mutation,0.9,0.3,,"[0.4659999907016754, 0.555233359336853, 0.6406499743461609, 0.6406499743461609, 0.6406499743461609, 0.6406499743461609, 0.6406499743461609, 0.7140499949455261, 0.7140499949455261, 0.7140499949455261, 0.7140499949455261, 0.7140499949455261, 0.7140499949455261, 0.7140499949455261, 0.7763833403587341, 0.7763833403587341, 0.8200333118438721, 0.8200333118438721, 0.8200333118438721, 0.8483166694641113]"
4,10,20,20,fps,single_point_co,inversion_mutation,0.9,0.3,,"[0.8098166584968567, 0.8112333416938782, 0.8649166822433472, 0.9261833429336548, 0.9261833429336548, 0.9261833429336548, 0.9261833429336548, 0.9451500177383423, 0.9451500177383423, 0.9504166841506958, 0.964033305644989, 0.964033305644989, 0.9746000170707703, 0.9746000170707703, 0.9746000170707703, 0.9746000170707703, 0.9746000170707703, 0.9760000109672546, 0.9760666489601135, 0.9760666489601135]"
5,10,20,20,fps,single_point_co,inversion_mutation,0.9,0.3,,"[0.9623000025749207, 0.9763333201408386, 0.98089998960495, 0.98089998960495, 0.98089998960495, 0.98089998960495, 0.98089998960495, 0.98089998960495, 0.98089998960495, 0.9864833354949951, 0.9864833354949951, 0.9864833354949951, 0.9963333606719971, 0.9963333606719971, 0.9963333606719971, 0.996833324432373, 0.996833324432373, 0.996833324432373, 0.9990500211715698, 0.9990500211715698]"
6,10,20,20,fps,single_point_co,inversion_mutation,0.9,0.3,,"[0.3571999967098236, 0.9412999749183655, 0.9412999749183655, 0.9687833189964294, 0.9687833189964294, 0.9687833189964294, 0.9687833189964294, 0.980650007724762, 0.980650007724762, 0.980650007724762, 0.9807833433151245, 0.9807833433151245, 0.9901833534240723, 0.9931166768074036, 0.9931166768074036, 0.9931166768074036, 0.9931166768074036, 0.9931166768074036, 0.9931166768074036, 0.9931166768074036]"
7,10,20,20,fps,single_point_co,inversion_mutation,0.9,0.3,,"[0.4097999930381775, 0.4097999930381775, 0.8586500287055969, 0.8586500287055969, 0.8586500287055969, 0.8586500287055969, 0.8586500287055969, 0.8818666934967041, 0.8833500146865845, 0.8953499794006348, 0.8953499794006348, 0.9039999842643738, 0.9203166961669922, 0.9203166961669922, 0.9526666402816772, 0.958133339881897, 0.9652500152587891, 0.9652500152587891, 0.9652500152587891, 0.9652500152587891]"
8,10,20,20,fps,single_point_co,inversion_mutation,0.9,0.3,,"[0.606416642665863, 0.6089666485786438, 0.8516333103179932, 0.8838000297546387, 0.8838000297546387, 0.9001333117485046, 0.9001333117485046, 0.9050833582878113, 0.966949999332428, 0.966949999332428, 0.966949999332428, 0.9809499979019165, 0.9809499979019165, 0.9809499979019165, 0.9809499979019165, 0.9809499979019165, 0.9809499979019165, 0.9832000136375427, 0.9832000136375427, 0.9832000136375427]"
9,10,20,20,fps,single_point_co,inversion_mutation,0.9,0.3,,"[0.6739166378974915, 0.7260666489601135, 0.7260666489601135, 0.784250020980835, 0.784250020980835, 0.784250020980835, 0.8398833274841309, 0.8398833274841309, 0.8398833274841309, 0.8398833274841309, 0.8514666557312012, 0.8593999743461609, 0.9032999873161316, 0.9398000240325928, 0.9398000240325928, 0.9398000240325928, 0.9398000240325928, 0.9398000240325928, 0.9398000240325928, 0.962066650390625]"
10,10,20,20,fps,single_point_co,inversion_mutation,0.9,0.3,,"[0.8600666522979736, 0.8805666565895081, 0.9235833287239075, 0.9522166848182678, 0.9713500142097473, 0.9714166522026062, 0.9714166522026062, 0.9714166522026062, 0.9714166522026062, 0.9714166522026062, 0.9714166522026062, 0.9729833602905273, 0.9729833602905273, 0.9729833602905273, 0.9810000061988831, 0.9810000061988831, 0.9810000061988831, 0.9851333498954773, 0.985883355140686, 0.9931333065032959]"
1,10,20,20,fps,single_point_co,arithmetic_mutation,0.9,0.3,,"[0.5789499878883362, 0.5789499878883362, 0.6327499747276306, 0.6327499747276306, 0.6456166505813599, 0.7044833302497864, 0.7044833302497864, 0.7307500243186951, 0.7307500243186951, 0.8116833567619324, 0.8116833567619324, 0.8610333204269409, 0.8703166842460632, 0.8703166842460632, 0.8703166842460632, 0.8703166842460632, 0.8703166842460632, 0.8703166842460632, 0.8703166842460632, 0.8703166842460632]"
2,10,20,20,fps,single_point_co,arithmetic_mutation,0.9,0.3,,"[0.9830999970436096, 0.9837166666984558, 0.988016664981842, 0.988016664981842, 0.9948166608810425, 0.9948166608810425, 0.9955333471298218, 0.9978500008583069, 0.9986666440963745, 0.9986666440963745, 0.9992499947547913, 0.9996833205223083, 0.9996833205223083, 0.9996833205223083, 0.9996833205223083, 0.9997833371162415, 0.9997833371162415, 0.9998000264167786, 0.9998166561126709, 0.9998833537101746]"
3,10,20,20,fps,single_point_co,arithmetic_mutation,0.9,0.3,,"[0.5894666910171509, 0.6341833472251892, 0.7110000252723694, 0.7110000252723694, 0.7775499820709229, 0.7890166640281677, 0.7890166640281677, 0.8095499873161316, 0.8170333504676819, 0.8210499882698059, 0.8210499882698059, 0.8210499882698059, 0.8898833394050598, 0.8898833394050598, 0.9074500203132629, 0.9074500203132629, 0.9099833369255066, 0.9123499989509583, 0.9181833267211914, 0.9181833267211914]"
4,10,20,20,fps,single_point_co,arithmetic_mutation,0.9,0.3,,"[0.879800021648407, 0.9158666729927063, 0.9158666729927063, 0.9167166948318481, 0.9575999975204468, 0.9608166813850403, 0.9608166813850403, 0.9675999879837036, 0.9717333316802979, 0.9717333316802979, 0.9731166958808899, 0.9731166958808899, 0.9800500273704529, 0.9800500273704529, 0.9823166728019714, 0.9827499985694885, 0.9827499985694885, 0.9827499985694885, 0.9827499985694885, 0.9827499985694885]"
5,10,20,20,fps,single_point_co,arithmetic_mutation,0.9,0.3,,"[0.4115166664123535, 0.7772166728973389, 0.7782333493232727, 0.7784833312034607, 0.819016695022583, 0.8299833536148071, 0.8654500246047974, 0.9010666608810425, 0.9230666756629944, 0.9237499833106995, 0.9419999718666077, 0.961483359336853, 0.961483359336853, 0.961483359336853, 0.9674666523933411, 0.9674666523933411, 0.9674666523933411, 0.9674666523933411, 0.9674666523933411, 0.9674666523933411]"
6,10,20,20,fps,single_point_co,arithmetic_mutation,0.9,0.3,,"[0.6312999725341797, 0.6312999725341797, 0.710433304309845, 0.7280499935150146, 0.7280499935150146, 0.774733304977417, 0.7749833464622498, 0.783466637134552, 0.8027333617210388, 0.8038666844367981, 0.8038666844367981, 0.8176166415214539, 0.8176166415214539, 0.8176166415214539, 0.8176166415214539, 0.8500333428382874, 0.8500333428382874, 0.8500333428382874, 0.8500333428382874, 0.8500333428382874]"
7,10,20,20,fps,single_point_co,arithmetic_mutation,0.9,0.3,,"[0.5359500050544739, 0.5359500050544739, 0.6223166584968567, 0.6640499830245972, 0.6657333374023438, 0.746999979019165, 0.746999979019165, 0.7951833605766296, 0.795199990272522, 0.845216691493988, 0.8596833348274231, 0.8616333603858948, 0.8971166610717773, 0.9024333357810974, 0.9024333357810974, 0.921999990940094, 0.921999990940094, 0.9407666921615601, 0.9407666921615601, 0.9464333057403564]"
8,10,20,20,fps,single_point_co,arithmetic_mutation,0.9,0.3,,"[0.41651666164398193, 0.4897833466529846, 0.6408500075340271, 0.6410166621208191, 0.7613499760627747, 0.7613499760627747, 0.7989500164985657, 0.8168333172798157, 0.8242999911308289, 0.8459333181381226, 0.8459333181381226, 0.88878333568573, 0.88878333568573, 0.88878333568573, 0.88878333568573, 0.88878333568573, 0.8992499709129333, 0.9061499834060669, 0.9271000027656555, 0.9346833229064941]"
9,10,20,20,fps,single_point_co,arithmetic_mutation,0.9,0.3,,"[0.4323500096797943, 0.5576333403587341, 0.5709666609764099, 0.760200023651123, 0.760200023651123, 0.8650500178337097, 0.8650500178337097, 0.8650500178337097, 0.8650500178337097, 0.8650500178337097, 0.8650500178337097, 0.8650500178337097, 0.8650500178337097, 0.8676499724388123, 0.8676499724388123, 0.8676499724388123, 0.8676499724388123, 0.8676499724388123, 0.8676499724388123, 0.9769499897956848]"
10,10,20,20,fps,single_point_co,arithmetic_mutation,0.9,0.3,,"[0.6675000190734863, 0.6675000190734863, 0.7871833443641663, 0.8471166491508484, 0.8585000038146973, 0.8597666621208191, 0.8597666621208191, 0.8845666646957397, 0.8845666646957397, 0.9038166403770447, 0.9253833293914795, 0.9253833293914795, 0.9349666833877563, 0.9499666690826416, 0.9544000029563904, 0.9545166492462158, 0.9545166492462158, 0.9630500078201294, 0.9657166600227356, 0.968916654586792]"
1,10,20,20,fps,arithmetic_xo,inversion_mutation,0.9,0.3,,"[0.8345166444778442, 0.8345166444778442, 0.8345166444778442, 0.8360333442687988, 0.8372499942779541, 0.8764333128929138, 0.890500009059906, 0.9256666898727417, 0.9320166707038879, 0.9678000211715698, 0.9678000211715698, 0.9678000211715698, 0.9779499769210815, 0.9779499769210815, 0.9780666828155518, 0.9783999919891357, 0.983299970626831, 0.983299970626831, 0.983299970626831, 0.983299970626831]"
2,10,20,20,fps,arithmetic_xo,inversion_mutation,0.9,0.3,,"[0.5400166511535645, 0.6636166572570801, 0.8283500075340271, 0.8283500075340271, 0.856166660785675, 0.906083345413208, 0.9229833483695984, 0.9311333298683167, 0.9311500191688538, 0.9311500191688538, 0.9311500191688538, 0.9311500191688538, 0.9315833449363708, 0.9327499866485596, 0.9384499788284302, 0.9420166611671448, 0.9420166611671448, 0.9420166611671448, 0.9420999884605408, 0.9430500268936157]"
3,10,20,20,fps,arithmetic_xo,inversion_mutation,0.9,0.3,,"[0.5532000064849854, 0.5532000064849854, 0.7036833167076111, 0.7036833167076111, 0.7036833167076111, 0.8534333109855652, 0.8534333109855652, 0.8568166494369507, 0.8612833619117737, 0.8612833619117737, 0.8612833619117737, 0.8612833619117737, 0.879883348941803, 0.8993833065032959, 0.8993833065032959, 0.9147499799728394, 0.9147499799728394, 0.9246000051498413, 0.9246000051498413, 0.9246000051498413]"
4,10,20,20,fps,arithmetic_xo,inversion_mutation,0.9,0.3,,"[0.7327166795730591, 0.8361166715621948, 0.8953999876976013, 0.9240666627883911, 0.9240666627883911, 0.9301499724388123, 0.93954998254776, 0.93954998254776, 0.93954998254776, 0.9403499960899353, 0.9403499960899353, 0.9505333304405212, 0.9505333304405212, 0.9505333304405212, 0.9505333304405212, 0.9505333304405212, 0.9505333304405212, 0.9605333209037781, 0.9605333209037781, 0.9605333209037781]"
5,10,20,20,fps,arithmetic_xo,inversion_mutation,0.9,0.3,,"[0.8349000215530396, 0.9194999933242798, 0.9194999933242798, 0.9549833536148071, 0.9623000025749207, 0.9623000025749207, 0.9623000025749207, 0.9623000025749207, 0.9623000025749207, 0.9623000025749207, 0.9623000025749207, 0.9748499989509583, 0.9805333614349365, 0.9805333614349365, 0.9805333614349365, 0.9805333614349365, 0.981333315372467, 0.981333315372467, 0.981333315372467, 0.981333315372467]"
6,10,20,20,fps,arithmetic_xo,inversion_mutation,0.9,0.3,,"[0.2931833267211914, 0.3230000138282776, 0.611050009727478, 0.8284000158309937, 0.8284000158309937, 0.8562999963760376, 0.8562999963760376, 0.8895833492279053, 0.8897333145141602, 0.8897333145141602, 0.8989999890327454, 0.9083166718482971, 0.9083166718482971, 0.9089833498001099, 0.9213833212852478, 0.92371666431427, 0.9434166550636292, 0.9451500177383423, 0.9478499889373779, 0.966616690158844]"
7,10,20,20,fps,arithmetic_xo,inversion_mutation,0.9,0.3,,"[0.6793166399002075, 0.826533317565918, 0.826533317565918, 0.8983333110809326, 0.9111999869346619, 0.9111999869346619, 0.9111999869346619, 0.9184166789054871, 0.9422833323478699, 0.9544333219528198, 0.9678666591644287, 0.9747999906539917, 0.9747999906539917, 0.9927999973297119, 0.9937000274658203, 0.9937000274658203, 0.9937000274658203, 0.9937000274658203, 0.9951500296592712, 0.9960500001907349]"
8,10,20,20,fps,arithmetic_xo,inversion_mutation,0.9,0.3,,"[0.48295000195503235, 0.5311499834060669, 0.5311499834060669, 0.5311499834060669, 0.6743999719619751, 0.6782666444778442, 0.6782666444778442, 0.7191500067710876, 0.7357000112533569, 0.7390333414077759, 0.7390333414077759, 0.7390333414077759, 0.7390333414077759, 0.8292499780654907, 0.8292499780654907, 0.8292499780654907, 0.8302000164985657, 0.8325499892234802, 0.8979833126068115, 0.8979833126068115]"
9,10,20,20,fps,arithmetic_xo,inversion_mutation,0.9,0.3,,"[0.8345166444778442, 0.8345166444778442, 0.8345166444778442, 0.8360333442687988, 0.8372499942779541, 0.8764333128929138, 0.890500009059906, 0.9256666898727417, 0.9320166707038879, 0.9678000211715698, 0.9678000211715698, 0.9678000211715698, 0.9779499769210815, 0.9779499769210815, 0.9780666828155518, 0.9783999919891357, 0.983299970626831, 0.983299970626831, 0.983299970626831, 0.983299970626831]"
10,10,20,20,fps,arithmetic_xo,inversion_mutation,0.9,0.3,,"[0.5400166511535645, 0.6636166572570801, 0.8283500075340271, 0.8283500075340271, 0.856166660785675, 0.906083345413208, 0.9229833483695984, 0.9311333298683167, 0.9311500191688538, 0.9311500191688538, 0.9311500191688538, 0.9311500191688538, 0.9315833449363708, 0.9327499866485596, 0.9384499788284302, 0.9420166611671448, 0.9420166611671448, 0.9420166611671448, 0.9420999884605408, 0.9430500268936157]"
1,10,20,20,fps,arithmetic_xo,arithmetic_mutation,0.9,0.3,,"[0.6514999866485596, 0.6514999866485596, 0.6514999866485596, 0.8228499889373779, 0.8228499889373779, 0.8228499889373779, 0.8228499889373779, 0.8228499889373779, 0.8228499889373779, 0.8228499889373779, 0.8228499889373779, 0.8303833603858948, 0.8303833603858948, 0.8303833603858948, 0.8606166839599609, 0.8606166839599609, 0.869533360004425, 0.9168333411216736, 0.9168333411216736, 0.9168333411216736]"
2,10,20,20,fps,arithmetic_xo,arithmetic_mutation,0.9,0.3,,"[0.6866999864578247, 0.9052000045776367, 0.9071833491325378, 0.9105166792869568, 0.9105166792869568, 0.9105166792869568, 0.9553499817848206, 0.9553499817848206, 0.9638500213623047, 0.9721500277519226, 0.9721500277519226, 0.9721500277519226, 0.975350022315979, 0.975350022315979, 0.975350022315979, 0.9780833125114441, 0.9780833125114441, 0.9780833125114441, 0.9780833125114441, 0.9798499941825867]"
3,10,20,20,fps,arithmetic_xo,arithmetic_mutation,0.9,0.3,,"[0.9557999968528748, 0.9557999968528748, 0.9557999968528748, 0.9564499855041504, 0.9645000100135803, 0.9674999713897705, 0.9674999713897705, 0.9711833596229553, 0.9712166786193848, 0.9799500107765198, 0.9807999730110168, 0.9807999730110168, 0.9810666441917419, 0.9884666800498962, 0.9884666800498962, 0.9884666800498962, 0.9884666800498962, 0.9884666800498962, 0.9938499927520752, 0.9938499927520752]"
4,10,20,20,fps,arithmetic_xo,arithmetic_mutation,0.9,0.3,,"[0.5391666889190674, 0.5823833346366882, 0.5858500003814697, 0.6309333443641663, 0.675849974155426, 0.6849333047866821, 0.7477666735649109, 0.7550166845321655, 0.8631333112716675, 0.8631333112716675, 0.8631333112716675, 0.8631333112716675, 0.8631333112716675, 0.8631333112716675, 0.8976166844367981, 0.8976166844367981, 0.8976166844367981, 0.8976166844367981, 0.9068666696548462, 0.9305833578109741]"
5,10,20,20,fps,arithmetic_xo,arithmetic_mutation,0.9,0.3,,"[0.6886333227157593, 0.6967999935150146, 0.744700014591217, 0.7786666750907898, 0.8659166693687439, 0.8659166693687439, 0.868066668510437, 0.8881666660308838, 0.8881666660308838, 0.8881666660308838, 0.8961499929428101, 0.9305166602134705, 0.9452833533287048, 0.9452833533287048, 0.9452833533287048, 0.9452833533287048, 0.9452833533287048, 0.9574000239372253, 0.9574000239372253, 0.9574000239372253]"
6,10,20,20,fps,arithmetic_xo,arithmetic_mutation,0.9,0.3,,"[0.8791833519935608, 0.9002500176429749, 0.9002500176429749, 0.9002500176429749, 0.9002500176429749, 0.9002500176429749, 0.910966694355011, 0.9380833506584167, 0.9380833506584167, 0.9380833506584167, 0.9448000192642212, 0.9448000192642212, 0.9448000192642212, 0.9448000192642212, 0.9448000192642212, 0.962933361530304, 0.962933361530304, 0.962933361530304, 0.9825166463851929, 0.984000027179718]"
7,10,20,20,fps,arithmetic_xo,arithmetic_mutation,0.9,0.3,,"[0.6514999866485596, 0.6514999866485596, 0.6514999866485596, 0.8228499889373779, 0.8228499889373779, 0.8228499889373779, 0.8228499889373779, 0.8228499889373779, 0.8228499889373779, 0.8228499889373779, 0.8228499889373779, 0.8303833603858948, 0.8303833603858948, 0.8303833603858948, 0.8606166839599609, 0.8606166839599609, 0.869533360004425, 0.9168333411216736, 0.9168333411216736, 0.9168333411216736]"
8,10,20,20,fps,arithmetic_xo,arithmetic_mutation,0.9,0.3,,"[0.6866999864578247, 0.9052000045776367, 0.9071833491325378, 0.9105166792869568, 0.9105166792869568, 0.9105166792869568, 0.9553499817848206, 0.9553499817848206, 0.9638500213623047, 0.9721500277519226, 0.9721500277519226, 0.9721500277519226, 0.975350022315979, 0.975350022315979, 0.975350022315979, 0.9780833125114441, 0.9780833125114441, 0.9780833125114441, 0.9780833125114441, 0.9798499941825867]"
9,10,20,20,fps,arithmetic_xo,arithmetic_mutation,0.9,0.3,,"[0.9557999968528748, 0.9557999968528748, 0.9557999968528748, 0.9564499855041504, 0.9645000100135803, 0.9674999713897705, 0.9674999713897705, 0.9711833596229553, 0.9712166786193848, 0.9799500107765198, 0.9807999730110168, 0.9807999730110168, 0.9810666441917419, 0.9884666800498962, 0.9884666800498962, 0.9884666800498962, 0.9884666800498962, 0.9884666800498962, 0.9938499927520752, 0.9938499927520752]"
10,10,20,20,fps,arithmetic_xo,arithmetic_mutation,0.9,0.3,,"[0.5391666889190674, 0.5823833346366882, 0.5858500003814697, 0.6309333443641663, 0.675849974155426, 0.6849333047866821, 0.7477666735649109, 0.7550166845321655, 0.8631333112716675, 0.8631333112716675, 0.8631333112716675, 0.8631333112716675, 0.8631333112716675, 0.8631333112716675, 0.8976166844367981, 0.8976166844367981, 0.8976166844367981, 0.8976166844367981, 0.9068666696548462, 0.9305833578109741]"
1,10,20,20,tournament_sel,single_point_co,inversion_mutation,0.9,0.3,4,"[0.7122166752815247, 0.762066662311554, 0.762066662311554, 0.762066662311554, 0.8522666692733765, 0.8522666692733765, 0.9611333608627319, 0.9616833329200745, 0.9616833329200745, 0.9616833329200745, 0.9616833329200745, 0.9616833329200745, 0.9646333456039429, 0.9646333456039429, 0.9646333456039429, 0.9646333456039429, 0.9646333456039429, 0.965399980545044, 0.9818166494369507, 0.9818166494369507]"
2,10,20,20,tournament_sel,single_point_co,inversion_mutation,0.9,0.3,4,"[0.5540000200271606, 0.5540000200271606, 0.7834833264350891, 0.7834833264350891, 0.7834833264350891, 0.7834833264350891, 0.8738833069801331, 0.8849666714668274, 0.9190333485603333, 0.9602500200271606, 0.9754833579063416, 0.9754833579063416, 0.9772166609764099, 0.9819999933242798, 0.9819999933242798, 0.9877333045005798, 0.9887166619300842, 0.9894999861717224, 0.9894999861717224, 0.9939833283424377]"
3,10,20,20,tournament_sel,single_point_co,inversion_mutation,0.9,0.3,4,"[0.41190001368522644, 0.49050000309944153, 0.6566500067710876, 0.6566500067710876, 0.7842666506767273, 0.8155500292778015, 0.925516664981842, 0.9255333542823792, 0.9255333542823792, 0.9255333542823792, 0.9315333366394043, 0.9315333366394043, 0.9315333366394043, 0.9315333366394043, 0.9315333366394043, 0.932033360004425, 0.945816695690155, 0.945816695690155, 0.9613166451454163, 0.9613166451454163]"
4,10,20,20,tournament_sel,single_point_co,inversion_mutation,0.9,0.3,4,"[0.6331166625022888, 0.7059000134468079, 0.7943666577339172, 0.7943666577339172, 0.9347166419029236, 0.9347166419029236, 0.9347166419029236, 0.9631833434104919, 0.9631833434104919, 0.9631833434104919, 0.9846000075340271, 0.9857000112533569, 0.9886833429336548, 0.9886833429336548, 0.9886833429336548, 0.9886833429336548, 0.9923333525657654, 0.9923333525657654, 0.9923333525657654, 0.9923333525657654]"
5,10,20,20,tournament_sel,single_point_co,inversion_mutation,0.9,0.3,4,"[0.8011999726295471, 0.8011999726295471, 0.8397833108901978, 0.8838000297546387, 0.9241499900817871, 0.9644500017166138, 0.9808333516120911, 0.9948499798774719, 0.9948499798774719, 0.9949166774749756, 0.9955833554267883, 0.9955833554267883, 0.9955833554267883, 0.9956499934196472, 0.9956499934196472, 0.9956499934196472, 0.9956499934196472, 0.9956499934196472, 0.9956499934196472, 0.9956499934196472]"
6,10,20,20,tournament_sel,single_point_co,inversion_mutation,0.9,0.3,4,"[0.9049833416938782, 0.9658833146095276, 0.9689499735832214, 0.9724833369255066, 0.9948499798774719, 0.9948499798774719, 0.9948499798774719, 0.9948499798774719, 0.9952999949455261, 0.9952999949455261, 0.9984666705131531, 0.9984666705131531, 0.9991833567619324, 0.9991833567619324, 0.9995666742324829, 0.9995666742324829, 0.9995666742324829, 0.9995666742324829, 0.9996333122253418, 0.9996333122253418]"
7,10,20,20,tournament_sel,single_point_co,inversion_mutation,0.9,0.3,4,"[0.3359000086784363, 0.5950999855995178, 0.6009833216667175, 0.6882166862487793, 0.7555833458900452, 0.7779333591461182, 0.8079500198364258, 0.9241333603858948, 0.9241333603858948, 0.9241333603858948, 0.9326333403587341, 0.9326333403587341, 0.9326333403587341, 0.9821166396141052, 0.9847999811172485, 0.9854333400726318, 0.9854666590690613, 0.9854666590690613, 0.9859166741371155, 0.9859166741371155]"
8,10,20,20,tournament_sel,single_point_co,inversion_mutation,0.9,0.3,4,"[0.7919833064079285, 0.7919833064079285, 0.82628333568573, 0.9588666558265686, 0.9588666558265686, 0.9693999886512756, 0.9708499908447266, 0.9708499908447266, 0.977649986743927, 0.9793833494186401, 0.982699990272522, 0.9891999959945679, 0.9891999959945679, 0.9914000034332275, 0.9914000034332275, 0.991433322429657, 0.991433322429657, 0.9951000213623047, 0.9957166910171509, 0.9957166910171509]"
9,10,20,20,tournament_sel,single_point_co,inversion_mutation,0.9,0.3,4,"[0.4946500062942505, 0.4946500062942505, 0.5318833589553833, 0.6223499774932861, 0.7195666432380676, 0.7195666432380676, 0.7451333403587341, 0.7451333403587341, 0.7652333378791809, 0.7652333378791809, 0.7652333378791809, 0.817383348941803, 0.817383348941803, 0.817383348941803, 0.8359166383743286, 0.9177833199501038, 0.9177833199501038, 0.9177833199501038, 0.9280333518981934, 0.9280333518981934]"
10,10,20,20,tournament_sel,single_point_co,inversion_mutation,0.9,0.3,4,"[0.8089166879653931, 0.8089166879653931, 0.8089166879653931, 0.8089166879653931, 0.8089166879653931, 0.8726166486740112, 0.8726166486740112, 0.8726166486740112, 0.8866666555404663, 0.8866666555404663, 0.9083499908447266, 0.9083499908447266, 0.9083499908447266, 0.9083499908447266, 0.9083499908447266, 0.9083499908447266, 0.9083499908447266, 0.9083499908447266, 0.9083499908447266, 0.9083499908447266]"
1,10,20,20,tournament_sel,single_point_co,arithmetic_mutation,0.9,0.3,4,"[0.8672000169754028, 0.8672000169754028, 0.8741833567619324, 0.8741833567619324, 0.9285833239555359, 0.9285833239555359, 0.9519333243370056, 0.9678166508674622, 0.9678999781608582, 0.9732000231742859, 0.9734500050544739, 0.977150022983551, 0.9799500107765198, 0.9861999750137329, 0.9891999959945679, 0.9891999959945679, 0.9907000064849854, 0.993066668510437, 0.993066668510437, 0.9943666458129883]"
2,10,20,20,tournament_sel,single_point_co,arithmetic_mutation,0.9,0.3,4,"[0.3978666663169861, 0.5044333338737488, 0.5390833616256714, 0.6779833436012268, 0.7302166819572449, 0.7975833415985107, 0.8049833178520203, 0.8049833178520203, 0.8253499865531921, 0.8253499865531921, 0.8526666760444641, 0.8526666760444641, 0.8917499780654907, 0.8965833187103271, 0.9181333184242249, 0.9334499835968018, 0.9354833364486694, 0.9437999725341797, 0.9524166584014893, 0.9624333381652832]"
3,10,20,20,tournament_sel,single_point_co,arithmetic_mutation,0.9,0.3,4,"[0.5874666571617126, 0.6428333520889282, 0.6815999746322632, 0.7203333377838135, 0.7631499767303467, 0.7651000022888184, 0.7932500243186951, 0.8429166674613953, 0.8777499794960022, 0.8791499733924866, 0.9257166385650635, 0.9274666905403137, 0.9555166959762573, 0.9555166959762573, 0.9597833156585693, 0.9674500226974487, 0.9674500226974487, 0.9733499884605408, 0.9733499884605408, 0.9779166579246521]"
4,10,20,20,tournament_sel,single_point_co,arithmetic_mutation,0.9,0.3,4,"[0.722766637802124, 0.722766637802124, 0.7882333397865295, 0.7882333397865295, 0.8620499968528748, 0.8736833333969116, 0.8889833092689514, 0.9024500250816345, 0.9244666695594788, 0.928600013256073, 0.9536666870117188, 0.9702333211898804, 0.9707833528518677, 0.9744333624839783, 0.9850500226020813, 0.9850500226020813, 0.9886333346366882, 0.9919999837875366, 0.9930999875068665, 0.9934333562850952]"
5,10,20,20,tournament_sel,single_point_co,arithmetic_mutation,0.9,0.3,4,"[0.6047666668891907, 0.6047666668891907, 0.6047666668891907, 0.6548666954040527, 0.698366641998291, 0.709933340549469, 0.7171666622161865, 0.7501833438873291, 0.7817500233650208, 0.7871666550636292, 0.8117166757583618, 0.8190500140190125, 0.8325166702270508, 0.8635166883468628, 0.8712666630744934, 0.8863666653633118, 0.9127333164215088, 0.9244833588600159, 0.9302499890327454, 0.9365000128746033]"
6,10,20,20,tournament_sel,single_point_co,arithmetic_mutation,0.9,0.3,4,"[0.4271833300590515, 0.4278999865055084, 0.44616666436195374, 0.45098334550857544, 0.5247499942779541, 0.5326166749000549, 0.5666333436965942, 0.5828999876976013, 0.6281166672706604, 0.689633309841156, 0.7349833250045776, 0.777733325958252, 0.777733325958252, 0.777733325958252, 0.8395333290100098, 0.8395500183105469, 0.8560666441917419, 0.8596166372299194, 0.8940666913986206, 0.895550012588501]"
7,10,20,20,tournament_sel,single_point_co,arithmetic_mutation,0.9,0.3,4,"[0.48899999260902405, 0.48899999260902405, 0.48899999260902405, 0.48899999260902405, 0.5566666722297668, 0.5566666722297668, 0.6348000168800354, 0.6348000168800354, 0.661549985408783, 0.6829500198364258, 0.7494333386421204, 0.7681166529655457, 0.8073333501815796, 0.8238999843597412, 0.8315833210945129, 0.8545666933059692, 0.8848333358764648, 0.9011833071708679, 0.9205666780471802, 0.9221500158309937]"
8,10,20,20,tournament_sel,single_point_co,arithmetic_mutation,0.9,0.3,4,"[0.6796500086784363, 0.7720500230789185, 0.7735833525657654, 0.7752000093460083, 0.7897499799728394, 0.7897499799728394, 0.8061166405677795, 0.80881667137146, 0.8376166820526123, 0.8409333229064941, 0.8477166891098022, 0.8629500269889832, 0.8718833327293396, 0.8892666697502136, 0.8892666697502136, 0.9109333157539368, 0.9381166696548462, 0.9451666474342346, 0.9566666483879089, 0.9610000252723694]"
9,10,20,20,tournament_sel,single_point_co,arithmetic_mutation,0.9,0.3,4,"[0.6843166947364807, 0.7002166509628296, 0.8296166658401489, 0.8495500087738037, 0.859666645526886, 0.8674333095550537, 0.8899999856948853, 0.8906999826431274, 0.9005166888237, 0.9144666790962219, 0.9409499764442444, 0.9422333240509033, 0.9422333240509033, 0.9475666880607605, 0.9552500247955322, 0.9552500247955322, 0.9569833278656006, 0.9675666689872742, 0.9700333476066589, 0.9763666391372681]"
10,10,20,20,tournament_sel,single_point_co,arithmetic_mutation,0.9,0.3,4,"[0.7597000002861023, 0.7597000002861023, 0.7900999784469604, 0.7900999784469604, 0.7967833280563354, 0.8555999994277954, 0.8798166513442993, 0.923633337020874, 0.9292166829109192, 0.9328666925430298, 0.9506333470344543, 0.9616166949272156, 0.964733362197876, 0.9738333225250244, 0.9836000204086304, 0.9839333295822144, 0.9895666837692261, 0.9936500191688538, 0.995283305644989, 0.9957000017166138]"
1,10,20,20,tournament_sel,arithmetic_xo,inversion_mutation,0.9,0.3,4,"[0.5852333307266235, 0.7354666590690613, 0.7354666590690613, 0.7377333045005798, 0.7377333045005798, 0.7377333045005798, 0.7400833368301392, 0.7400833368301392, 0.7640500068664551, 0.8015666604042053, 0.8216333389282227, 0.8375499844551086, 0.8389333486557007, 0.8394833207130432, 0.8499666452407837, 0.8499666452407837, 0.8915333151817322, 0.8915500044822693, 0.9072166681289673, 0.9072166681289673]"
2,10,20,20,tournament_sel,arithmetic_xo,inversion_mutation,0.9,0.3,4,"[0.44894999265670776, 0.5435666441917419, 0.6034333109855652, 0.6276000142097473, 0.6431333422660828, 0.6431333422660828, 0.756850004196167, 0.756850004196167, 0.7801166772842407, 0.8812833428382874, 0.8989166617393494, 0.9002666473388672, 0.9002666473388672, 0.9425166845321655, 0.9472166895866394, 0.9472500085830688, 0.9505666494369507, 0.9505666494369507, 0.9505833387374878, 0.9505833387374878]"
3,10,20,20,tournament_sel,arithmetic_xo,inversion_mutation,0.9,0.3,4,"[0.8095166683197021, 0.8095166683197021, 0.8372666835784912, 0.8372666835784912, 0.8372666835784912, 0.8395500183105469, 0.9095166921615601, 0.9145166873931885, 0.9145166873931885, 0.9145166873931885, 0.9433500170707703, 0.9471166729927063, 0.9577000141143799, 0.9586499929428101, 0.9745166897773743, 0.9824833273887634, 0.9826833605766296, 0.9902833104133606, 0.9904666543006897, 0.9907166957855225]"
4,10,20,20,tournament_sel,arithmetic_xo,inversion_mutation,0.9,0.3,4,"[0.8446333408355713, 0.873116672039032, 0.9569500088691711, 0.9674833416938782, 0.9674833416938782, 0.9674833416938782, 0.9949833154678345, 0.9970666766166687, 0.9974666833877563, 0.9982333183288574, 0.9983833432197571, 0.9987333416938782, 0.9990000128746033, 0.9991000294685364, 0.9991666674613953, 0.9991666674613953, 0.9992333054542542, 0.9997000098228455, 0.9997000098228455, 0.9997000098228455]"
5,10,20,20,tournament_sel,arithmetic_xo,inversion_mutation,0.9,0.3,4,"[0.6608833074569702, 0.6608833074569702, 0.6917666792869568, 0.7404999732971191, 0.7733666896820068, 0.7981166839599609, 0.7981166839599609, 0.9305166602134705, 0.9314166903495789, 0.9486666917800903, 0.9488999843597412, 0.949916660785675, 0.953166663646698, 0.9563500285148621, 0.9639000296592712, 0.9639000296592712, 0.9641833305358887, 0.9706666469573975, 0.9727833271026611, 0.9745833277702332]"
6,10,20,20,tournament_sel,arithmetic_xo,inversion_mutation,0.9,0.3,4,"[0.7749999761581421, 0.9420166611671448, 0.9420166611671448, 0.9420833587646484, 0.9420833587646484, 0.9714166522026062, 0.9714166522026062, 0.9714166522026062, 0.9714166522026062, 0.9715166687965393, 0.9715166687965393, 0.9715499877929688, 0.9728999733924866, 0.9728999733924866, 0.982616662979126, 0.9890666604042053, 0.9896000027656555, 0.9902833104133606, 0.9902833104133606, 0.9902999997138977]"
7,10,20,20,tournament_sel,arithmetic_xo,inversion_mutation,0.9,0.3,4,"[0.6295666694641113, 0.729116678237915, 0.7355333566665649, 0.7645999789237976, 0.7645999789237976, 0.7686166763305664, 0.8669499754905701, 0.8669499754905701, 0.8669499754905701, 0.8669499754905701, 0.887499988079071, 0.887499988079071, 0.9057833552360535, 0.9105166792869568, 0.9105166792869568, 0.9131500124931335, 0.9334499835968018, 0.9396833181381226, 0.9514666795730591, 0.9543166756629944]"
8,10,20,20,tournament_sel,arithmetic_xo,inversion_mutation,0.9,0.3,4,"[0.5036166906356812, 0.5215499997138977, 0.6745333075523376, 0.7278500199317932, 0.7545999884605408, 0.7802166938781738, 0.7804666757583618, 0.8852999806404114, 0.8880166411399841, 0.9110333323478699, 0.950083315372467, 0.9655500054359436, 0.9740333557128906, 0.9740333557128906, 0.9755333065986633, 0.9779166579246521, 0.979366660118103, 0.9794666767120361, 0.9812333583831787, 0.9821500182151794]"
9,10,20,20,tournament_sel,arithmetic_xo,inversion_mutation,0.9,0.3,4,"[0.32721665501594543, 0.5242000222206116, 0.5242000222206116, 0.5242000222206116, 0.6327833533287048, 0.6617500185966492, 0.7857499718666077, 0.9070166945457458, 0.9558666944503784, 0.9606999754905701, 0.9734166860580444, 0.9743499755859375, 0.9745500087738037, 0.9762833118438721, 0.9767000079154968, 0.9767000079154968, 0.9767166376113892, 0.9811999797821045, 0.9812166690826416, 0.9833666682243347]"
10,10,20,20,tournament_sel,arithmetic_xo,inversion_mutation,0.9,0.3,4,"[0.6021666526794434, 0.7146999835968018, 0.8385999798774719, 0.8721666932106018, 0.900600016117096, 0.9225000143051147, 0.9364666938781738, 0.9364666938781738, 0.9448500275611877, 0.9547833204269409, 0.9628833532333374, 0.9778666496276855, 0.9778666496276855, 0.9778666496276855, 0.9781166911125183, 0.9800166487693787, 0.9800666570663452, 0.9800833463668823, 0.9800833463668823, 0.9801166653633118]"
1,10,20,20,tournament_sel,arithmetic_xo,arithmetic_mutation,0.9,0.3,4,"[0.5597166419029236, 0.7044833302497864, 0.8169333338737488, 0.8169333338737488, 0.8637499809265137, 0.8637499809265137, 0.8642666935920715, 0.9066333174705505, 0.9067500233650208, 0.9123833179473877, 0.9559500217437744, 0.9559500217437744, 0.9581000208854675, 0.9587166905403137, 0.9816666841506958, 0.9816666841506958, 0.9824166893959045, 0.9875333309173584, 0.9907000064849854, 0.9971500039100647]"
2,10,20,20,tournament_sel,arithmetic_xo,arithmetic_mutation,0.9,0.3,4,"[0.6812999844551086, 0.9293833374977112, 0.9326666593551636, 0.9592000246047974, 0.9672999978065491, 0.984749972820282, 0.984749972820282, 0.9887999892234802, 0.9896666407585144, 0.9919499754905701, 0.9919499754905701, 0.9921666383743286, 0.9940166473388672, 0.9940166473388672, 0.9950000047683716, 0.9972333312034607, 0.9975666403770447, 0.9976000189781189, 0.9986666440963745, 0.9986666440963745]"
3,10,20,20,tournament_sel,arithmetic_xo,arithmetic_mutation,0.9,0.3,4,"[0.6124500036239624, 0.7483999729156494, 0.7706500291824341, 0.862766683101654, 0.862766683101654, 0.862766683101654, 0.864216685295105, 0.9010833501815796, 0.9161999821662903, 0.9413333535194397, 0.9413333535194397, 0.9612666964530945, 0.965233325958252, 0.9705333113670349, 0.9758833050727844, 0.9760666489601135, 0.9770500063896179, 0.9837833046913147, 0.9837833046913147, 0.9924333095550537]"
4,10,20,20,tournament_sel,arithmetic_xo,arithmetic_mutation,0.9,0.3,4,"[0.7639166712760925, 0.8685333132743835, 0.9172499775886536, 0.963450014591217, 0.9814000129699707, 0.9814833402633667, 0.9904666543006897, 0.9976666569709778, 0.9983500242233276, 0.9985499978065491, 0.9987499713897705, 0.9992166757583618, 0.9993500113487244, 0.9994333386421204, 0.9994666576385498, 0.9998833537101746, 0.9998833537101746, 0.9999333620071411, 0.9999333620071411, 0.9999833106994629]"
5,10,20,20,tournament_sel,arithmetic_xo,arithmetic_mutation,0.9,0.3,4,"[0.5860666632652283, 0.7383999824523926, 0.8029666543006897, 0.8666166663169861, 0.9276000261306763, 0.9345666766166687, 0.9368166923522949, 0.9625833630561829, 0.9625833630561829, 0.9792166948318481, 0.9822999835014343, 0.9827666878700256, 0.9860666394233704, 0.9890000224113464, 0.9890499711036682, 0.9901000261306763, 0.9944833517074585, 0.9959166646003723, 0.9980499744415283, 0.9982166886329651]"
6,10,20,20,tournament_sel,arithmetic_xo,arithmetic_mutation,0.9,0.3,4,"[0.7339833378791809, 0.8614000082015991, 0.895716667175293, 0.8962666392326355, 0.9045166373252869, 0.9236999750137329, 0.9236999750137329, 0.942883312702179, 0.9543666839599609, 0.9589499831199646, 0.9700166583061218, 0.9700166583061218, 0.9768999814987183, 0.98785001039505, 0.9883666634559631, 0.9953833222389221, 0.9953833222389221, 0.9966999888420105, 0.9971333146095276, 0.9988166689872742]"
7,10,20,20,tournament_sel,arithmetic_xo,arithmetic_mutation,0.9,0.3,4,"[0.42678332328796387, 0.42678332328796387, 0.48596665263175964, 0.48596665263175964, 0.4917833209037781, 0.4917833209037781, 0.5499833226203918, 0.5576333403587341, 0.6042166948318481, 0.635616660118103, 0.7214499711990356, 0.7411166429519653, 0.7411166429519653, 0.7959333062171936, 0.7959833145141602, 0.843999981880188, 0.8440333604812622, 0.9045166373252869, 0.9045166373252869, 0.9045166373252869]"
8,10,20,20,tournament_sel,arithmetic_xo,arithmetic_mutation,0.9,0.3,4,"[0.21698333323001862, 0.23935000598430634, 0.518916666507721, 0.5402500033378601, 0.5678499937057495, 0.6345333456993103, 0.6731333136558533, 0.7248499989509583, 0.7248499989509583, 0.7657833099365234, 0.9332666397094727, 0.9450500011444092, 0.9450500011444092, 0.9574166536331177, 0.9803333282470703, 0.9811000227928162, 0.989799976348877, 0.989799976348877, 0.989799976348877, 0.9918166399002075]"
9,10,20,20,tournament_sel,arithmetic_xo,arithmetic_mutation,0.9,0.3,4,"[0.8863333463668823, 0.9512333273887634, 0.9535499811172485, 0.9630500078201294, 0.9645666480064392, 0.9645666480064392, 0.9820166826248169, 0.9820166826248169, 0.9820166826248169, 0.9837499856948853, 0.9846000075340271, 0.9853000044822693, 0.9929166436195374, 0.9929500222206116, 0.9941333532333374, 0.9955000281333923, 0.9969499707221985, 0.9985166788101196, 0.9985166788101196, 0.9985166788101196]"
10,10,20,20,tournament_sel,arithmetic_xo,arithmetic_mutation,0.9,0.3,4,"[0.3981333374977112, 0.3981333374977112, 0.5309333205223083, 0.5309333205223083, 0.5309333205223083, 0.5866000056266785, 0.6398666501045227, 0.659850001335144, 0.671500027179718, 0.7311166524887085, 0.7311166524887085, 0.7543166875839233, 0.7559333443641663, 0.7888333201408386, 0.7888333201408386, 0.8297833204269409, 0.8421499729156494, 0.8773166537284851, 0.8949499726295471, 0.9067666530609131]"
1,10,20,20,tournament_sel,single_point_co,inversion_mutation,0.9,0.3,2,"[0.7480833530426025, 0.7480833530426025, 0.7480833530426025, 0.8097333312034607, 0.9746333360671997, 0.9746333360671997, 0.9746333360671997, 0.9847833514213562, 0.9847833514213562, 0.9855666756629944, 0.9942166805267334, 0.9942166805267334, 0.9942166805267334, 0.9958999752998352, 0.9958999752998352, 0.9958999752998352, 0.9959333539009094, 0.9969000220298767, 0.9969000220298767, 0.9969000220298767]"
2,10,20,20,tournament_sel,single_point_co,inversion_mutation,0.9,0.3,2,"[0.630299985408783, 0.630299985408783, 0.6740999817848206, 0.8170499801635742, 0.840499997138977, 0.9407666921615601, 0.9407666921615601, 0.9407666921615601, 0.958733320236206, 0.958733320236206, 0.9679499864578247, 0.9732499718666077, 0.9732499718666077, 0.9732499718666077, 0.9789333343505859, 0.9789333343505859, 0.979116678237915, 0.9831166863441467, 0.9831166863441467, 0.9831166863441467]"
3,10,20,20,tournament_sel,single_point_co,inversion_mutation,0.9,0.3,2,"[0.4801500141620636, 0.6496166586875916, 0.7040666937828064, 0.7401999831199646, 0.7401999831199646, 0.7507666945457458, 0.7929166555404663, 0.8669833540916443, 0.8669833540916443, 0.8712666630744934, 0.9113666415214539, 0.9469000101089478, 0.9469000101089478, 0.9469000101089478, 0.9578333497047424, 0.9578333497047424, 0.9580166935920715, 0.9580166935920715, 0.9580166935920715, 0.9580166935920715]"
4,10,20,20,tournament_sel,single_point_co,inversion_mutation,0.9,0.3,2,"[0.657716691493988, 0.657716691493988, 0.657716691493988, 0.8148833513259888, 0.8148833513259888, 0.9330833554267883, 0.9330833554267883, 0.9330833554267883, 0.9330833554267883, 0.9330833554267883, 0.9700166583061218, 0.9700166583061218, 0.9700166583061218, 0.9700166583061218, 0.9700166583061218, 0.9700166583061218, 0.9730166792869568, 0.9730166792869568, 0.9730166792869568, 0.9746000170707703]"
5,10,20,20,tournament_sel,single_point_co,inversion_mutation,0.9,0.3,2,"[0.40816667675971985, 0.6858999729156494, 0.6858999729156494, 0.6858999729156494, 0.7326333522796631, 0.7326333522796631, 0.7326333522796631, 0.7326333522796631, 0.7326333522796631, 0.7875999808311462, 0.7875999808311462, 0.8207499980926514, 0.8207499980926514, 0.8207499980926514, 0.8337166905403137, 0.8568833470344543, 0.8805666565895081, 0.8805666565895081, 0.8805666565895081, 0.8805666565895081]"
6,10,20,20,tournament_sel,single_point_co,inversion_mutation,0.9,0.3,2,"[0.6167166829109192, 0.6367666721343994, 0.6367666721343994, 0.6367666721343994, 0.7941499948501587, 0.7941499948501587, 0.7941499948501587, 0.8468666672706604, 0.8650000095367432, 0.8753833174705505, 0.8989666700363159, 0.8989666700363159, 0.8989666700363159, 0.9034000039100647, 0.9086999893188477, 0.9165833592414856, 0.9165833592414856, 0.9165833592414856, 0.9165833592414856, 0.9261666536331177]"
7,10,20,20,tournament_sel,single_point_co,inversion_mutation,0.9,0.3,2,"[0.7198166847229004, 0.7338500022888184, 0.7338500022888184, 0.7338500022888184, 0.7338500022888184, 0.7338500022888184, 0.7501833438873291, 0.7501833438873291, 0.7503166794776917, 0.7516166567802429, 0.7568166851997375, 0.7692166566848755, 0.825166642665863, 0.825166642665863, 0.825166642665863, 0.825166642665863, 0.8414999842643738, 0.9299666881561279, 0.9299666881561279, 0.9299666881561279]"
8,10,20,20,tournament_sel,single_point_co,inversion_mutation,0.9,0.3,2,"[0.6889500021934509, 0.6961166858673096, 0.840416669845581, 0.8798499703407288, 0.9218833446502686, 0.9261500239372253, 0.9633333086967468, 0.9633333086967468, 0.9805999994277954, 0.9912999868392944, 0.9912999868392944, 0.9917166829109192, 0.9920666813850403, 0.9920666813850403, 0.9942666888237, 0.9942666888237, 0.9942666888237, 0.9942666888237, 0.9942666888237, 0.9965000152587891]"
9,10,20,20,tournament_sel,single_point_co,inversion_mutation,0.9,0.3,2,"[0.38405001163482666, 0.6024666428565979, 0.6024666428565979, 0.7628666758537292, 0.7628666758537292, 0.8599500060081482, 0.8636999726295471, 0.8810833096504211, 0.8810833096504211, 0.9691666960716248, 0.9691666960716248, 0.9765999913215637, 0.9766666889190674, 0.978683352470398, 0.978683352470398, 0.978683352470398, 0.978683352470398, 0.9819166660308838, 0.982699990272522, 0.982699990272522]"
10,10,20,20,tournament_sel,single_point_co,inversion_mutation,0.9,0.3,2,"[0.5267166495323181, 0.6338833570480347, 0.6434500217437744, 0.8045499920845032, 0.8045499920845032, 0.8045499920845032, 0.8045499920845032, 0.8045499920845032, 0.8639333248138428, 0.8639333248138428, 0.9145333170890808, 0.9145333170890808, 0.9145333170890808, 0.9180999994277954, 0.9513000249862671, 0.9513000249862671, 0.9651833176612854, 0.9651833176612854, 0.9771833419799805, 0.9771833419799805]"
1,10,20,20,tournament_sel,single_point_co,arithmetic_mutation,0.9,0.3,2,"[0.7354166507720947, 0.7354166507720947, 0.7354166507720947, 0.7354166507720947, 0.7354166507720947, 0.7354166507720947, 0.7676666378974915, 0.8305500149726868, 0.8305500149726868, 0.8481666445732117, 0.8765166401863098, 0.932449996471405, 0.932449996471405, 0.9553333520889282, 0.9608666896820068, 0.9611166715621948, 0.9655666947364807, 0.9710500240325928, 0.9710500240325928, 0.9781333208084106]"
2,10,20,20,tournament_sel,single_point_co,arithmetic_mutation,0.9,0.3,2,"[0.4740999937057495, 0.5406166911125183, 0.5575833320617676, 0.5575833320617676, 0.7745833396911621, 0.7745833396911621, 0.7944499850273132, 0.8895000219345093, 0.8895000219345093, 0.8951833248138428, 0.8951833248138428, 0.92166668176651, 0.935283362865448, 0.9602000117301941, 0.9602000117301941, 0.9761833548545837, 0.9761833548545837, 0.9761833548545837, 0.9825999736785889, 0.9836833477020264]"
3,10,20,20,tournament_sel,single_point_co,arithmetic_mutation,0.9,0.3,2,"[0.7620166540145874, 0.774150013923645, 0.774150013923645, 0.8107166886329651, 0.8107166886329651, 0.8223666548728943, 0.8227166533470154, 0.8702999949455261, 0.8737000226974487, 0.9498166441917419, 0.9498166441917419, 0.951033353805542, 0.951033353805542, 0.9525833129882812, 0.9711499810218811, 0.9760500192642212, 0.9760500192642212, 0.9786166548728943, 0.9786166548728943, 0.9861166477203369]"
4,10,20,20,tournament_sel,single_point_co,arithmetic_mutation,0.9,0.3,2,"[0.7674166560173035, 0.7674166560173035, 0.805649995803833, 0.8974666595458984, 0.9100666642189026, 0.9100666642189026, 0.9195166826248169, 0.9195166826248169, 0.9335166811943054, 0.9436166882514954, 0.9588833451271057, 0.9635833501815796, 0.9734500050544739, 0.9734500050544739, 0.9767500162124634, 0.9782999753952026, 0.9782999753952026, 0.9838166832923889, 0.9838166832923889, 0.9860666394233704]"
5,10,20,20,tournament_sel,single_point_co,arithmetic_mutation,0.9,0.3,2,"[0.27486667037010193, 0.29481667280197144, 0.5544999837875366, 0.5893666744232178, 0.6658999919891357, 0.7121166586875916, 0.7121166586875916, 0.7121166586875916, 0.7192999720573425, 0.7976333498954773, 0.8013499975204468, 0.814300000667572, 0.8210166692733765, 0.835099995136261, 0.8492333292961121, 0.8585333228111267, 0.8640833497047424, 0.868066668510437, 0.9050666689872742, 0.9144999980926514]"
6,10,20,20,tournament_sel,single_point_co,arithmetic_mutation,0.9,0.3,2,"[0.859083354473114, 0.8750666379928589, 0.8750666379928589, 0.9110999703407288, 0.9110999703407288, 0.9399999976158142, 0.9399999976158142, 0.9456333518028259, 0.9533166885375977, 0.9722333550453186, 0.9722333550453186, 0.9769833087921143, 0.9871166944503784, 0.9872333407402039, 0.9913666844367981, 0.9913666844367981, 0.9943333268165588, 0.9948833584785461, 0.9948833584785461, 0.9948833584785461]"
7,10,20,20,tournament_sel,single_point_co,arithmetic_mutation,0.9,0.3,2,"[0.48253333568573, 0.6586499810218811, 0.6586499810218811, 0.6964333057403564, 0.6964333057403564, 0.6964333057403564, 0.6964333057403564, 0.7473166584968567, 0.7534833550453186, 0.840666651725769, 0.8478666543960571, 0.8691666722297668, 0.8691666722297668, 0.8946666717529297, 0.8993499875068665, 0.8993499875068665, 0.9176999926567078, 0.9176999926567078, 0.9222833514213562, 0.9390666484832764]"
8,10,20,20,tournament_sel,single_point_co,arithmetic_mutation,0.9,0.3,2,"[0.6482666730880737, 0.6508499979972839, 0.7747166752815247, 0.7944333553314209, 0.7949666380882263, 0.8377000093460083, 0.8600833415985107, 0.8671666383743286, 0.8686166405677795, 0.9368666410446167, 0.9606000185012817, 0.9606000185012817, 0.9606000185012817, 0.9621833562850952, 0.9655666947364807, 0.9674333333969116, 0.9702000021934509, 0.9790499806404114, 0.9792333245277405, 0.9792333245277405]"
9,10,20,20,tournament_sel,single_point_co,arithmetic_mutation,0.9,0.3,2,"[0.7652333378791809, 0.7654833197593689, 0.7654833197593689, 0.7654833197593689, 0.8947666883468628, 0.912766695022583, 0.9400166869163513, 0.9400166869163513, 0.9490500092506409, 0.9664166569709778, 0.9664166569709778, 0.9664166569709778, 0.9742333292961121, 0.9797999858856201, 0.9800000190734863, 0.981249988079071, 0.9834833145141602, 0.9838833212852478, 0.9846333265304565, 0.9869499802589417]"
10,10,20,20,tournament_sel,single_point_co,arithmetic_mutation,0.9,0.3,2,"[0.8186500072479248, 0.8311333060264587, 0.8311333060264587, 0.8311333060264587, 0.8478500247001648, 0.8478500247001648, 0.8478500247001648, 0.8481500148773193, 0.8481500148773193, 0.8600500226020813, 0.8600500226020813, 0.888450026512146, 0.9057000279426575, 0.9164166450500488, 0.9577500224113464, 0.9577500224113464, 0.9671499729156494, 0.9817166924476624, 0.9825500249862671, 0.9872333407402039]"
1,10,20,20,tournament_sel,arithmetic_xo,inversion_mutation,0.9,0.3,2,"[0.5312833189964294, 0.5312833189964294, 0.6534500122070312, 0.6534500122070312, 0.6799166798591614, 0.7247833609580994, 0.7842666506767273, 0.7842666506767273, 0.7936499714851379, 0.7979999780654907, 0.7982666492462158, 0.7993000149726868, 0.8437666893005371, 0.8468499779701233, 0.8468499779701233, 0.8468499779701233, 0.8490333557128906, 0.8490666747093201, 0.9259333610534668, 0.9259333610534668]"
2,10,20,20,tournament_sel,arithmetic_xo,inversion_mutation,0.9,0.3,2,"[0.6628999710083008, 0.6628999710083008, 0.731333315372467, 0.8011833429336548, 0.8011833429336548, 0.8011833429336548, 0.8289166688919067, 0.847266674041748, 0.8930833339691162, 0.894016683101654, 0.9054499864578247, 0.9054499864578247, 0.9054499864578247, 0.9057499766349792, 0.9162833094596863, 0.9185666441917419, 0.9229999780654907, 0.9235833287239075, 0.9235833287239075, 0.9244666695594788]"
3,10,20,20,tournament_sel,arithmetic_xo,inversion_mutation,0.9,0.3,2,"[0.3122499883174896, 0.3835499882698059, 0.39063334465026855, 0.43218332529067993, 0.5570833086967468, 0.6610166430473328, 0.7182666659355164, 0.7231833338737488, 0.8350666761398315, 0.8392999768257141, 0.8406000137329102, 0.8763166666030884, 0.8763166666030884, 0.8763166666030884, 0.9032333493232727, 0.9032333493232727, 0.9032333493232727, 0.9032333493232727, 0.9115999937057495, 0.9161166548728943]"
4,10,20,20,tournament_sel,arithmetic_xo,inversion_mutation,0.9,0.3,2,"[0.7743333578109741, 0.7743333578109741, 0.798633337020874, 0.798633337020874, 0.9531166553497314, 0.9531166553497314, 0.9531166553497314, 0.9531166553497314, 0.9531166553497314, 0.9531333446502686, 0.9536166787147522, 0.9536499977111816, 0.9543833136558533, 0.9543833136558533, 0.9543833136558533, 0.9544333219528198, 0.9544333219528198, 0.9702666401863098, 0.9750833511352539, 0.977733314037323]"
5,10,20,20,tournament_sel,arithmetic_xo,inversion_mutation,0.9,0.3,2,"[0.4273500144481659, 0.5076333284378052, 0.5604666471481323, 0.5604666471481323, 0.5604666471481323, 0.7314000129699707, 0.7864833474159241, 0.8148499727249146, 0.8546333312988281, 0.9078666567802429, 0.9186499714851379, 0.9260166883468628, 0.9285333156585693, 0.9388666749000549, 0.9391000270843506, 0.9391000270843506, 0.9391000270843506, 0.9391000270843506, 0.9464333057403564, 0.9505333304405212]"
6,10,20,20,tournament_sel,arithmetic_xo,inversion_mutation,0.9,0.3,2,"[0.7827500104904175, 0.8557166457176208, 0.8924000263214111, 0.8924000263214111, 0.930983304977417, 0.9410833120346069, 0.9717333316802979, 0.9738333225250244, 0.9797166585922241, 0.9797166585922241, 0.9797166585922241, 0.9797166585922241, 0.9799500107765198, 0.9799500107765198, 0.9799500107765198, 0.9820500016212463, 0.9820500016212463, 0.9921166896820068, 0.9921166896820068, 0.9921166896820068]"
7,10,20,20,tournament_sel,arithmetic_xo,inversion_mutation,0.9,0.3,2,"[0.7541833519935608, 0.7541833519935608, 0.8270166516304016, 0.9230333566665649, 0.9798833131790161, 0.9798833131790161, 0.9810500144958496, 0.9810500144958496, 0.9867333173751831, 0.9957833290100098, 0.9957833290100098, 0.9965500235557556, 0.9973999857902527, 0.9982500076293945, 0.9982500076293945, 0.99836665391922, 0.99836665391922, 0.9988999962806702, 0.9988999962806702, 0.9988999962806702]"
8,10,20,20,tournament_sel,arithmetic_xo,inversion_mutation,0.9,0.3,2,"[0.31938332319259644, 0.5761666893959045, 0.7211333513259888, 0.8485166430473328, 0.8485166430473328, 0.8485166430473328, 0.8485166430473328, 0.8518333435058594, 0.8518333435058594, 0.8560666441917419, 0.8560666441917419, 0.8619833588600159, 0.864883303642273, 0.8833000063896179, 0.8919500112533569, 0.9064333438873291, 0.9139500260353088, 0.9218999743461609, 0.9260166883468628, 0.9260166883468628]"
9,10,20,20,tournament_sel,arithmetic_xo,inversion_mutation,0.9,0.3,2,"[0.28973332047462463, 0.28973332047462463, 0.2926666736602783, 0.32413333654403687, 0.32413333654403687, 0.32413333654403687, 0.37191668152809143, 0.43066665530204773, 0.476583331823349, 0.476583331823349, 0.476583331823349, 0.476583331823349, 0.5564500093460083, 0.5753999948501587, 0.5979666709899902, 0.6241999864578247, 0.6431333422660828, 0.6817499995231628, 0.6817499995231628, 0.7080166935920715]"
10,10,20,20,tournament_sel,arithmetic_xo,inversion_mutation,0.9,0.3,2,"[0.9550333619117737, 0.9550333619117737, 0.9550333619117737, 0.9584333300590515, 0.9654499888420105, 0.9799166917800903, 0.9843833446502686, 0.9864500164985657, 0.9886999726295471, 0.9967333078384399, 0.9987000226974487, 0.9988333582878113, 0.9988333582878113, 0.9988333582878113, 0.9993000030517578, 0.9993833303451538, 0.9993833303451538, 0.9995333552360535, 0.9995666742324829, 0.9996500015258789]"
1,10,20,20,tournament_sel,arithmetic_xo,arithmetic_mutation,0.9,0.3,2,"[0.8193666934967041, 0.8887666463851929, 0.900866687297821, 0.900866687297821, 0.9065999984741211, 0.922166645526886, 0.941516637802124, 0.941516637802124, 0.941516637802124, 0.941516637802124, 0.9643833041191101, 0.9643833041191101, 0.9643833041191101, 0.9668833613395691, 0.9722166657447815, 0.9835500121116638, 0.9835500121116638, 0.984083354473114, 0.9853333234786987, 0.9912333488464355]"
2,10,20,20,tournament_sel,arithmetic_xo,arithmetic_mutation,0.9,0.3,2,"[0.557783305644989, 0.5581833124160767, 0.6227999925613403, 0.6503166556358337, 0.678433358669281, 0.6792500019073486, 0.7293333411216736, 0.7293333411216736, 0.7293333411216736, 0.766700029373169, 0.7821499705314636, 0.8397166728973389, 0.855733335018158, 0.855733335018158, 0.8649500012397766, 0.8947499990463257, 0.922950029373169, 0.9598333239555359, 0.9598333239555359, 0.9598333239555359]"
3,10,20,20,tournament_sel,arithmetic_xo,arithmetic_mutation,0.9,0.3,2,"[0.5668666958808899, 0.6469500064849854, 0.6692333221435547, 0.7788833379745483, 0.8945666551589966, 0.8986499905586243, 0.9118333458900452, 0.9302999973297119, 0.95169997215271, 0.95169997215271, 0.95169997215271, 0.95169997215271, 0.9625333547592163, 0.9708999991416931, 0.9708999991416931, 0.9755499958992004, 0.9884499907493591, 0.9884499907493591, 0.9884499907493591, 0.9916499853134155]"
4,10,20,20,tournament_sel,arithmetic_xo,arithmetic_mutation,0.9,0.3,2,"[0.8062833547592163, 0.8211333155632019, 0.8211333155632019, 0.8276333212852478, 0.8425333499908447, 0.8487499952316284, 0.8969833254814148, 0.9127500057220459, 0.9127500057220459, 0.9127500057220459, 0.940850019454956, 0.9661999940872192, 0.9661999940872192, 0.9661999940872192, 0.9778333306312561, 0.9778333306312561, 0.9793333411216736, 0.9798166751861572, 0.9836999773979187, 0.9923666715621948]"
5,10,20,20,tournament_sel,arithmetic_xo,arithmetic_mutation,0.9,0.3,2,"[0.5883166790008545, 0.5980166792869568, 0.5980166792869568, 0.6568666696548462, 0.6850833296775818, 0.6854666471481323, 0.701449990272522, 0.8044833540916443, 0.8044833540916443, 0.8044833540916443, 0.8044833540916443, 0.8464666604995728, 0.8929499983787537, 0.8929499983787537, 0.927483320236206, 0.927483320236206, 0.9300166964530945, 0.9300166964530945, 0.9546833038330078, 0.9546833038330078]"
6,10,20,20,tournament_sel,arithmetic_xo,arithmetic_mutation,0.9,0.3,2,"[0.6633333563804626, 0.675083339214325, 0.8373500108718872, 0.8453166484832764, 0.8579166531562805, 0.8745499849319458, 0.8745499849319458, 0.9111833572387695, 0.9316333532333374, 0.9316333532333374, 0.9332666397094727, 0.9553499817848206, 0.9553499817848206, 0.9566166400909424, 0.9739333391189575, 0.9739333391189575, 0.9768499732017517, 0.9773666858673096, 0.9831666946411133, 0.9834499955177307]"
7,10,20,20,tournament_sel,arithmetic_xo,arithmetic_mutation,0.9,0.3,2,"[0.7214833498001099, 0.8717166781425476, 0.8717166781425476, 0.8717166781425476, 0.8914833068847656, 0.8914833068847656, 0.9008833169937134, 0.9154833555221558, 0.9498166441917419, 0.9498166441917419, 0.949833333492279, 0.9500666856765747, 0.9583666920661926, 0.9583666920661926, 0.9669666886329651, 0.9723333120346069, 0.9750333428382874, 0.9824666380882263, 0.9839500188827515, 0.9839500188827515]"
8,10,20,20,tournament_sel,arithmetic_xo,arithmetic_mutation,0.9,0.3,2,"[0.8137333393096924, 0.8137333393096924, 0.8137333393096924, 0.8308166861534119, 0.8933166861534119, 0.8933166861534119, 0.8970500230789185, 0.9334166646003723, 0.9334166646003723, 0.9334166646003723, 0.9334166646003723, 0.9397666454315186, 0.9561833143234253, 0.9561833143234253, 0.9678500294685364, 0.975600004196167, 0.9792666435241699, 0.9792666435241699, 0.979366660118103, 0.9854999780654907]"
9,10,20,20,tournament_sel,arithmetic_xo,arithmetic_mutation,0.9,0.3,2,"[0.8589000105857849, 0.8589000105857849, 0.8589000105857849, 0.8934000134468079, 0.922950029373169, 0.922950029373169, 0.9468833208084106, 0.9575499892234802, 0.9577166438102722, 0.9634333252906799, 0.9634333252906799, 0.9685666561126709, 0.9685666561126709, 0.9727166891098022, 0.9727166891098022, 0.9727166891098022, 0.9815999865531921, 0.9815999865531921, 0.9815999865531921, 0.9816666841506958]"
10,10,20,20,tournament_sel,arithmetic_xo,arithmetic_mutation,0.9,0.3,2,"[0.9081833362579346, 0.9491833448410034, 0.9525166749954224, 0.9725499749183655, 0.9804166555404663, 0.9804166555404663, 0.9807166457176208, 0.9825999736785889, 0.9825999736785889, 0.9934333562850952, 0.9941666722297668, 0.995283305644989, 0.9974666833877563, 0.9974666833877563, 0.9975000023841858, 0.9975666403770447, 0.9984999895095825, 0.9984999895095825, 0.9984999895095825, 0.9991666674613953]"
